<?xml version="1.0" encoding="UTF-8"?>
<project-private xmlns="http://www.netbeans.org/ns/project-private/1">
    <editor-bookmarks xmlns="http://www.netbeans.org/ns/editor-bookmarks/2" lastBookmarkId="0"/>
    <open-files xmlns="http://www.netbeans.org/ns/projectui-open-files/2">
        <group>
            <file>file:/Users/fdc500/Documents/workspace/TiendaCelulares/src/tiendacelulares/TiendaCelulares.java</file>
            <file>file:/Users/fdc500/Documents/workspace/TiendaCelulares/src/tiendacelulares/DispositivoElec.java</file>
            <file>file:/Users/fdc500/Documents/workspace/TiendaCelulares/src/tiendacelulares/Celular.java</file>
            <file>file:/Users/fdc500/Documents/workspace/TiendaCelulares/src/tiendacelulares/SmartPhone.java</file>
            <file>file:/Users/fdc500/Documents/workspace/TiendaCelulares/src/tiendacelulares/Tableta.java</file>
            <file>file:/Users/fdc500/Documents/workspace/TiendaCelulares/src/tiendacelulares/Precio.java</file>
            <file>file:/Users/fdc500/Documents/workspace/TiendaCelulares/src/tiendacelulares/LeerArchivoTxt.java</file>
        </group>
    </open-files>
</project-private>
